url_path,views_total,views_unique
/PhysiBoSS/PhysiBoSS/tree/master/documentation,19,1
/PhysiBoSS/PhysiBoSS,16,8
/PhysiBoSS/PhysiBoSS/tree/master/examples,10,1
/PhysiBoSS/PhysiBoSS/tree/master/documentation/images,9,1
/PhysiBoSS/PhysiBoSS/tree/master/modules,9,1
/PhysiBoSS/PhysiBoSS/tree/model/drugs-synergy/sample_projects_intracellular/boolean/drugs_synergy/custom_modules,6,1
/PhysiBoSS/PhysiBoSS/blob/master/documentation/User_Guide.pdf,5,1
/PhysiBoSS/PhysiBoSS/blob/master/documentation/images/ParaView_clipping_histo.png,4,1
/PhysiBoSS/PhysiBoSS/tree/github-repo-stats/PhysiBoSS/PhysiBoSS,4,1
/PhysiBoSS/PhysiBoSS/tree/master/custom_modules,3,1
